Page URL,Hreflang,Issue Type,Discovered
https://dailyride.nl/blogs/blog/de-juiste-verzekering-voor-jouw-fatbike/,,No self-referencing hreflang,04 Mar 2025 (17:28 UTC)
https://dailyride.nl/collections/diablo-fatbikes/,,No self-referencing hreflang,26 Mar 2025 (00:03 UTC)
https://dailyride.nl/collections/e-bikes/,,No self-referencing hreflang,26 Mar 2025 (00:03 UTC)
https://dailyride.nl/collections/eb-fatbikes/,,No self-referencing hreflang,26 Mar 2025 (00:03 UTC)
https://dailyride.nl/collections/elektrische-fatbikes?filter.p.vendor=EB4,,No self-referencing hreflang,04 Mar 2025 (17:28 UTC)
https://dailyride.nl/collections/elektrische-fietsen/,,No self-referencing hreflang,26 Mar 2025 (00:03 UTC)
https://dailyride.nl/collections/onderdelen/,,No self-referencing hreflang,04 Mar 2025 (17:28 UTC)
https://dailyride.nl/collections/onderdelen?filter.p.tag=V20,,No self-referencing hreflang,26 Mar 2025 (00:03 UTC)
https://dailyride.nl/collections/onderdelen?filter.p.tag=V20&page=1,,No self-referencing hreflang,26 Mar 2025 (00:03 UTC)
https://dailyride.nl/collections/onderdelen?filter.p.tag=V20&page=2,,No self-referencing hreflang,26 Mar 2025 (00:03 UTC)
https://dailyride.nl/collections/onderdelen?filter.p.tag=V20&page=3,,No self-referencing hreflang,26 Mar 2025 (00:03 UTC)
https://dailyride.nl/collections/onderdelen?filter.p.tag=V20&page=4,,No self-referencing hreflang,26 Mar 2025 (00:03 UTC)
https://dailyride.nl/collections/onderdelen?filter.p.tag=V20&page=5,,No self-referencing hreflang,26 Mar 2025 (00:03 UTC)
https://dailyride.nl/collections/onderdelen?filter.p.tag=V20&page=6,,No self-referencing hreflang,26 Mar 2025 (00:03 UTC)
https://dailyride.nl/collections/onderdelen?filter.p.tag=V20&page=7,,No self-referencing hreflang,26 Mar 2025 (00:03 UTC)
https://dailyride.nl/collections/onderdelen?filter.p.tag=V20&page=8,,No self-referencing hreflang,26 Mar 2025 (00:03 UTC)
https://dailyride.nl/collections/onderdelen?filter.p.tag=V20&page=9,,No self-referencing hreflang,26 Mar 2025 (00:03 UTC)
https://dailyride.nl/collections/onderdelen?filter.p.vendor=Ouxi,,No self-referencing hreflang,26 Mar 2025 (00:03 UTC)
https://dailyride.nl/collections/onderdelen?filter.p.vendor=Ouxi&page=1,,No self-referencing hreflang,26 Mar 2025 (00:03 UTC)
https://dailyride.nl/collections/onderdelen?filter.p.vendor=Ouxi&page=2,,No self-referencing hreflang,26 Mar 2025 (00:03 UTC)
https://dailyride.nl/collections/onderdelen?filter.p.vendor=Ouxi&page=3,,No self-referencing hreflang,26 Mar 2025 (00:03 UTC)
https://dailyride.nl/collections/onderdelen?filter.p.vendor=Ouxi&page=4,,No self-referencing hreflang,26 Mar 2025 (00:03 UTC)
https://dailyride.nl/collections/ouxi-fatbikes/,,No self-referencing hreflang,26 Mar 2025 (00:03 UTC)
https://dailyride.nl/collections?page=1,,No self-referencing hreflang,26 Mar 2025 (00:03 UTC)
https://dailyride.nl/collections?page=2,,No self-referencing hreflang,26 Mar 2025 (00:03 UTC)
https://dailyride.nl/collections?page=3,,No self-referencing hreflang,26 Mar 2025 (00:03 UTC)
https://dailyride.nl/collections?page=4,,No self-referencing hreflang,26 Mar 2025 (00:03 UTC)
https://dailyride.nl/collections?page=5,,No self-referencing hreflang,26 Mar 2025 (00:03 UTC)
https://dailyride.nl/pages/onderhoud?_pos=1&_psq=onderhoud&_ss=e&_v=1.0,,No self-referencing hreflang,04 Mar 2025 (17:28 UTC)
https://dailyride.nl/products/20-x-4-0-fatbike-buitenband-straatband-zwart-bruin?variant=55238711312767,,No self-referencing hreflang,26 Mar 2025 (00:03 UTC)
https://dailyride.nl/products/accu-eb4?_pos=1&amp;_sid=056bcc736&amp;_ss=r,,No self-referencing hreflang,26 Mar 2025 (00:03 UTC)
https://dailyride.nl/products/accu-ouxi?variant=46772956922186,,No self-referencing hreflang,26 Mar 2025 (00:03 UTC)
https://dailyride.nl/products/batterijhouder-ouxi-v8?variant=46924335579466,,No self-referencing hreflang,26 Mar 2025 (00:03 UTC)
https://dailyride.nl/products/binneband-eb4?_pos=2&_psq=binnenband&_ss=e&_v=1.0,,No self-referencing hreflang,26 Mar 2025 (00:03 UTC)
https://dailyride.nl/products/binnenband-chaoyang-fatbike-eb4?_pos=3&_psq=binnenband&_ss=e&_v=1.0,,No self-referencing hreflang,26 Mar 2025 (00:03 UTC)
https://dailyride.nl/products/binnenband-ouxi?_pos=1&_psq=binnenband&_ss=e&_v=1.0,,No self-referencing hreflang,26 Mar 2025 (00:03 UTC)
https://dailyride.nl/products/buitenband-eb4?variant=55238714163583,,No self-referencing hreflang,26 Mar 2025 (00:03 UTC)
https://dailyride.nl/products/controller-oude-type-v8?variant=46924329976138,,No self-referencing hreflang,26 Mar 2025 (00:03 UTC)
https://dailyride.nl/products/controller-ouxi-v8-3-0-geschikt-voor-inbouwalarm?variant=49494284599626,,No self-referencing hreflang,26 Mar 2025 (00:03 UTC)
https://dailyride.nl/products/controller-ouxi-v8?variant=47255962386762,,No self-referencing hreflang,26 Mar 2025 (00:03 UTC)
https://dailyride.nl/products/copy-of-kabelboom-motor-controller-3-polig-eb4?variant=47879031652682,,No self-referencing hreflang,26 Mar 2025 (00:03 UTC)
https://dailyride.nl/products/copy-of-remblokken-v20-logan-remmen-mechanische-remmen-setje?variant=47503140061514,,No self-referencing hreflang,26 Mar 2025 (00:03 UTC)
https://dailyride.nl/products/copy-of-snellader-oplader-ouxi-v8-v20?variant=47858166104394,,No self-referencing hreflang,26 Mar 2025 (00:03 UTC)
https://dailyride.nl/products/crank-trekker-crankafnemer?_pos=1&_psq=crank&_ss=e&_v=1.0,,No self-referencing hreflang,26 Mar 2025 (00:03 UTC)
https://dailyride.nl/products/crank-trekker-crankafnemer?variant=47946270212426,,No self-referencing hreflang,26 Mar 2025 (00:03 UTC)
https://dailyride.nl/products/diablo-storm-fatbike-electrische-vouwfiets-dark-blue?variant=55185937695103,,No self-referencing hreflang,11 Mar 2025 (21:43 UTC)
https://dailyride.nl/products/diablo-storm-fatbike-electrische-vouwfiets-fashion-grey?variant=55185936613759,,No self-referencing hreflang,11 Mar 2025 (21:43 UTC)
https://dailyride.nl/products/diablo-storm?variant=55127996137855,,No self-referencing hreflang,11 Mar 2025 (21:43 UTC)
https://dailyride.nl/products/diablo-xr1-dark-blue?variant=55126819471743,,No self-referencing hreflang,07 Mar 2025 (18:09 UTC)
https://dailyride.nl/products/diablo-xr1-fashion-grey?variant=55126998057343,,No self-referencing hreflang,07 Mar 2025 (18:09 UTC)
https://dailyride.nl/products/diablo-xr1-groen?variant=55151492202879,,No self-referencing hreflang,07 Mar 2025 (18:09 UTC)
https://dailyride.nl/products/diablo-xr1?variant=55151459008895,,No self-referencing hreflang,07 Mar 2025 (18:09 UTC)
https://dailyride.nl/products/diablo-xr2-dark-blue?variant=55128174166399,,No self-referencing hreflang,07 Mar 2025 (18:09 UTC)
https://dailyride.nl/products/diablo-xr2-fatbike-middenmotor-matt-green?variant=55155433570687,,No self-referencing hreflang,07 Mar 2025 (18:09 UTC)
https://dailyride.nl/products/diablo-xr2-grijs?variant=55127900029311,,No self-referencing hreflang,07 Mar 2025 (18:09 UTC)
https://dailyride.nl/products/diablo-xr2-mat-zwart?variant=55151395635583,,No self-referencing hreflang,07 Mar 2025 (18:09 UTC)
https://dailyride.nl/products/display-ouxi?variant=46773045592394,,No self-referencing hreflang,26 Mar 2025 (00:03 UTC)
https://dailyride.nl/products/display-schermpje-ouxi-v8?variant=47255749951818,,No self-referencing hreflang,26 Mar 2025 (00:03 UTC)
https://dailyride.nl/products/eb2-pro-nardo-grey?_pos=5&_psq=eb2&_ss=e&_v=1.0,,No self-referencing hreflang,04 Mar 2025 (17:28 UTC)
https://dailyride.nl/products/eb2-pro-zwart?_pos=9&_psq=eb2&_ss=e&_v=1.0,,No self-referencing hreflang,26 Mar 2025 (00:03 UTC)
https://dailyride.nl/products/engwe-e26-blauw-high-step?variant=55151768109439,,No self-referencing hreflang,26 Mar 2025 (00:03 UTC)
https://dailyride.nl/products/engwe-e26-blauw-step-thru?variant=55151730262399,,No self-referencing hreflang,26 Mar 2025 (00:03 UTC)
https://dailyride.nl/products/engwe-e26-geel-high-step?variant=55151771746687,,No self-referencing hreflang,26 Mar 2025 (00:03 UTC)
https://dailyride.nl/products/engwe-e26-geel-step-thru?variant=55151727640959,,No self-referencing hreflang,26 Mar 2025 (00:03 UTC)
https://dailyride.nl/products/engwe-e26-grijs-high-step?variant=55151763521919,,No self-referencing hreflang,26 Mar 2025 (00:03 UTC)
https://dailyride.nl/products/engwe-e26-grijs-step-thru?variant=55151659909503,,No self-referencing hreflang,26 Mar 2025 (00:03 UTC)
https://dailyride.nl/products/engwe-engine-pro-blauw?variant=55151630516607,,No self-referencing hreflang,26 Mar 2025 (00:03 UTC)
https://dailyride.nl/products/engwe-engine-pro-grijs?variant=55151635562879,,No self-referencing hreflang,26 Mar 2025 (00:03 UTC)
https://dailyride.nl/products/engwe-engine-pro?variant=55151639167359,,No self-referencing hreflang,26 Mar 2025 (00:03 UTC)
https://dailyride.nl/products/engwe-engine-x-rood?variant=55151847473535,,No self-referencing hreflang,26 Mar 2025 (00:03 UTC)
https://dailyride.nl/products/engwe-engine-x-wit?variant=55151854485887,,No self-referencing hreflang,26 Mar 2025 (00:03 UTC)
https://dailyride.nl/products/engwe-engine-x-zwart?variant=55151839183231,,No self-referencing hreflang,26 Mar 2025 (00:03 UTC)
https://dailyride.nl/products/engwe-ep-2-pro-oranje?variant=55151798419839,,No self-referencing hreflang,26 Mar 2025 (00:03 UTC)
https://dailyride.nl/products/engwe-ep-2-pro-space-gray?variant=55128281481599,,No self-referencing hreflang,26 Mar 2025 (00:03 UTC)
https://dailyride.nl/products/engwe-ep-2-pro-zwart?variant=55151849963903,,No self-referencing hreflang,26 Mar 2025 (00:03 UTC)
https://dailyride.nl/products/engwe-l20-family?variant=55145035071871,,No self-referencing hreflang,26 Mar 2025 (00:03 UTC)
https://dailyride.nl/products/engwe-l20-onyx-zwart?variant=47886651490634,,No self-referencing hreflang,26 Mar 2025 (00:03 UTC)
https://dailyride.nl/products/engwe-m20-groen-13-ah?variant=47916750799178,,No self-referencing hreflang,26 Mar 2025 (00:03 UTC)
https://dailyride.nl/products/engwe-m20-groen-26-ah?variant=55152509911423,,No self-referencing hreflang,26 Mar 2025 (00:03 UTC)
https://dailyride.nl/products/engwe-m20-wit-13-ah?variant=47916745425226,,No self-referencing hreflang,26 Mar 2025 (00:03 UTC)
https://dailyride.nl/products/engwe-m20-wit-26-ah?variant=47916803096906,,No self-referencing hreflang,26 Mar 2025 (00:03 UTC)
https://dailyride.nl/products/engwe-m20-zwart-13-ah?variant=47916756140362,,No self-referencing hreflang,26 Mar 2025 (00:03 UTC)
https://dailyride.nl/products/engwe-m20-zwart-26-ah?variant=55152511615359,,No self-referencing hreflang,26 Mar 2025 (00:03 UTC)
https://dailyride.nl/products/engwe-p26-blauw?variant=47916682248522,,No self-referencing hreflang,26 Mar 2025 (00:03 UTC)
https://dailyride.nl/products/engwe-p26-grijs?variant=47916673532234,,No self-referencing hreflang,26 Mar 2025 (00:03 UTC)
https://dailyride.nl/products/engwe-p275-st-mat-black?variant=54917041389951,,No self-referencing hreflang,26 Mar 2025 (00:03 UTC)
https://dailyride.nl/products/engwe-p275-st-wit-oranje?variant=54917035688319,,No self-referencing hreflang,26 Mar 2025 (00:03 UTC)
https://dailyride.nl/products/engwe-p275-st-wit?variant=54917035458943,,No self-referencing hreflang,26 Mar 2025 (00:03 UTC)
https://dailyride.nl/products/engwe-x24-grijs-1-accu-versie?variant=47916410372426,,No self-referencing hreflang,26 Mar 2025 (00:03 UTC)
https://dailyride.nl/products/engwe-x24-grijs-2-accus-versie?variant=47916555075914,,No self-referencing hreflang,26 Mar 2025 (00:03 UTC)
https://dailyride.nl/products/engwe-x24-zwart-1-accu-versie?variant=47916476105034,,No self-referencing hreflang,26 Mar 2025 (00:03 UTC)
https://dailyride.nl/products/engwe-x24-zwart-2-accus-versie?variant=47916544852298,,No self-referencing hreflang,26 Mar 2025 (00:03 UTC)
https://dailyride.nl/products/engwe-x26-grijs-1-accu-versie?variant=47916584239434,,No self-referencing hreflang,26 Mar 2025 (00:03 UTC)
https://dailyride.nl/products/engwe-x26-grijs-2-accus-versie?variant=47916632342858,,No self-referencing hreflang,26 Mar 2025 (00:03 UTC)
https://dailyride.nl/products/engwe-x26-zwart-1-accu-versie?variant=47916593021258,,No self-referencing hreflang,26 Mar 2025 (00:03 UTC)
https://dailyride.nl/products/engwe-x26-zwart-2-accus-versie?variant=47916625264970,,No self-referencing hreflang,26 Mar 2025 (00:03 UTC)
https://dailyride.nl/products/fatbike-buitenband-blauw?variant=55238719570303,,No self-referencing hreflang,26 Mar 2025 (00:03 UTC)
https://dailyride.nl/products/fatbike-buitenband-zwart-wit?variant=55156179566975,,No self-referencing hreflang,26 Mar 2025 (00:03 UTC)
https://dailyride.nl/products/fatbike-gashendel-duimgashendel?variant=47249229283658,,No self-referencing hreflang,26 Mar 2025 (00:03 UTC)
https://dailyride.nl/products/gashendel-fatbike-ouxi-v8?variant=47459830071626,,No self-referencing hreflang,26 Mar 2025 (00:03 UTC)
https://dailyride.nl/products/hydraulische-rem-links-voorrem-zoom-ouxi-v8-v20?variant=49587529023818,,No self-referencing hreflang,26 Mar 2025 (00:03 UTC)
https://dailyride.nl/products/hydraulische-rem-rechts-achterrem-zoom-ouxi-v8-v20?variant=49587553239370,,No self-referencing hreflang,26 Mar 2025 (00:03 UTC)
https://dailyride.nl/products/hydraulische-remkabel-achter-v8-v20-fatbikes?variant=49586366349642,,No self-referencing hreflang,26 Mar 2025 (00:03 UTC)
https://dailyride.nl/products/hydraulische-remkabel-voor-v8-v20-fatbike?variant=49586425135434,,No self-referencing hreflang,26 Mar 2025 (00:03 UTC)
https://dailyride.nl/products/hydraulische-remmen-remblokjes-ouxi-v8?variant=46924332302666,,No self-referencing hreflang,26 Mar 2025 (00:03 UTC)
https://dailyride.nl/products/hydraulische-remset-2-remschijven-logan-v20-rem-achterwiel?_pos=3&_psq=v20 hydr&_ss=e&_v=1.0,,No self-referencing hreflang,26 Mar 2025 (00:03 UTC)
https://dailyride.nl/products/hydraulische-remset-ouxi-v8?variant=46995752321354,,No self-referencing hreflang,26 Mar 2025 (00:03 UTC)
https://dailyride.nl/products/hydraulische-remset-rood?variant=55048777695615,,No self-referencing hreflang,26 Mar 2025 (00:03 UTC)
https://dailyride.nl/products/kabelboom-eb2-eb4-eb8?variant=49325425688906,,No self-referencing hreflang,26 Mar 2025 (00:03 UTC)
https://dailyride.nl/products/kabelboom-motor-controller-eb4?variant=47879027884362,,No self-referencing hreflang,26 Mar 2025 (00:03 UTC)
https://dailyride.nl/products/kenda-k1188-fatbike-band-20-x-4-0-inch?variant=55128335778175,,No self-referencing hreflang,26 Mar 2025 (00:03 UTC)
https://dailyride.nl/products/ketting-ouxi-v8-v20?_pos=4&_sid=a12a0763c&_ss=r,,No self-referencing hreflang,26 Mar 2025 (00:03 UTC)
https://dailyride.nl/products/kinderzitje-qibbel-air-voorzitje-voordrager-montage-black?variant=55133252911487,,No self-referencing hreflang,12 Mar 2025 (23:23 UTC)
https://dailyride.nl/products/kinderzitje-qibbel-air-voorzitje-voordrager-montage-cappuccino?variant=47984604315978,,No self-referencing hreflang,12 Mar 2025 (23:23 UTC)
https://dailyride.nl/products/kinderzitje-qibbel-air-voorzitje-voordrager-montage-denim-blue?variant=47984628171082,,No self-referencing hreflang,12 Mar 2025 (23:23 UTC)
https://dailyride.nl/products/kinderzitje-qibbel-air-voorzitje-voordrager-montage-magic-green?variant=47984640852298,,No self-referencing hreflang,12 Mar 2025 (23:23 UTC)
https://dailyride.nl/products/kinderzitje-qibbel-air-voorzitje-voordrager-montage-turquoise?variant=47984632594762,,No self-referencing hreflang,12 Mar 2025 (23:23 UTC)
https://dailyride.nl/products/kinderzitje-qibbel-air-voorzitje-voordrager-montage-white-smoke?variant=47984630268234,,No self-referencing hreflang,12 Mar 2025 (23:23 UTC)
https://dailyride.nl/products/kukirin-g1-pro?variant=47883239129418,,No self-referencing hreflang,25 Mar 2025 (12:43 UTC)
https://dailyride.nl/products/kukirin-g2-master-elektrische-step-e-step-10-inch-opvouwbaar?variant=47883045175626,,No self-referencing hreflang,25 Mar 2025 (12:43 UTC)
https://dailyride.nl/products/kukirin-g2-max?variant=47882895491402,,No self-referencing hreflang,25 Mar 2025 (12:43 UTC)
https://dailyride.nl/products/kukirin-g2-pro?variant=47882777002314,,No self-referencing hreflang,25 Mar 2025 (12:43 UTC)
https://dailyride.nl/products/kukirin-g3?variant=47882662609226,,No self-referencing hreflang,25 Mar 2025 (12:43 UTC)
https://dailyride.nl/products/kukirin-g4?variant=47881463464266,,No self-referencing hreflang,25 Mar 2025 (12:43 UTC)
https://dailyride.nl/products/legale-step-urbmob-kick-go?variant=49024054133066,,No self-referencing hreflang,26 Mar 2025 (00:03 UTC)
https://dailyride.nl/products/omvormer-ombouw-dubbele-accu-fatbike?variant=47459843277130,,No self-referencing hreflang,26 Mar 2025 (00:03 UTC)
https://dailyride.nl/products/onderhoud-stuurhouder?variant=46995728040266,,No self-referencing hreflang,26 Mar 2025 (00:03 UTC)
https://dailyride.nl/products/oplader-ouxi?variant=46773052670282,,No self-referencing hreflang,26 Mar 2025 (00:03 UTC)
https://dailyride.nl/products/opvoerbaar-display-ouxi-v8-ouxi-h9?variant=47945255944522,,No self-referencing hreflang,26 Mar 2025 (00:03 UTC)
https://dailyride.nl/products/ouxi-c80-mini-fatbike-kinderfatbike-hydraulische-remmen-roze?variant=55154473304447,,No self-referencing hreflang,25 Mar 2025 (12:43 UTC)
https://dailyride.nl/products/ouxi-c80-mini-fatbike-kinderfatbike-hydraulische-remmen-zwart?variant=55154470486399,,No self-referencing hreflang,25 Mar 2025 (12:43 UTC)
https://dailyride.nl/products/ouxi-h9-controller-h9-controller-ouxi?variant=49590983590218,,No self-referencing hreflang,26 Mar 2025 (00:03 UTC)
https://dailyride.nl/products/ouxi-h9-zwart/,,No self-referencing hreflang,04 Mar 2025 (17:28 UTC)
https://dailyride.nl/products/ouxi-v8-3-0-2024-model-hydraulische-remmen-max-25-km-h-bruin-achterzitje?variant=49486522122570,,No self-referencing hreflang,26 Mar 2025 (00:03 UTC)
https://dailyride.nl/products/ouxi-v8-3-0-2024-model-hydraulische-remmen-max-25-km-h-bruin-family-bike-1-tot-6-jaar?variant=49486705819978,,No self-referencing hreflang,25 Mar 2025 (12:43 UTC)
https://dailyride.nl/products/ouxi-v8-3-0-2024-model-hydraulische-remmen-max-25-km-h-zwart-school-editie?variant=49486293500234,,No self-referencing hreflang,26 Mar 2025 (00:03 UTC)
https://dailyride.nl/products/ouxi-v8-3-0-2024-nardo-grey?variant=49557976318282,,No self-referencing hreflang,26 Mar 2025 (00:03 UTC)
https://dailyride.nl/products/ouxi-v8-3-0-2024-zwart-achterzitje-voetsteuntjes-art4-kettingslot-alarm?_pos=2&_psq=ouxi v8 3.0&_ss=e&_v=1.0,,No self-referencing hreflang,26 Mar 2025 (00:03 UTC)
https://dailyride.nl/products/ouxi-v8-3-0-2024-zwart-achterzitje-voetsteuntjes-art4-kettingslot-alarm?variant=47905352286538,,No self-referencing hreflang,26 Mar 2025 (00:03 UTC)
https://dailyride.nl/products/ouxi-v8-3-0-crank-traparm-pedaalarm-prowheel?variant=49494290137418,,No self-referencing hreflang,26 Mar 2025 (00:03 UTC)
https://dailyride.nl/products/ouxi-v8-3-0-prowheel-crank-traparm-met-tandwiel-crank?variant=49494307012938,,No self-referencing hreflang,26 Mar 2025 (00:03 UTC)
https://dailyride.nl/products/ouxi-v8-5-0-fatbike-dubbele-accu-hydraulische-remmen?variant=55176289157503,,No self-referencing hreflang,25 Mar 2025 (12:43 UTC)
https://dailyride.nl/products/ouxi-v8-dubbele-accu-zwart?variant=47918653473098,,No self-referencing hreflang,26 Mar 2025 (00:03 UTC)
https://dailyride.nl/products/ouxi-v8-dubbele-accu/,,No self-referencing hreflang,26 Mar 2025 (00:03 UTC)
https://dailyride.nl/products/ouxi-v8-family-bike?variant=55145102901631,,No self-referencing hreflang,25 Mar 2025 (12:43 UTC)
https://dailyride.nl/products/ouxi-v8-max-controller-ouxi-v8-2-0-double-battery?variant=47879109804362,,No self-referencing hreflang,26 Mar 2025 (00:03 UTC)
https://dailyride.nl/products/ouxi-v8/,,No self-referencing hreflang,04 Mar 2025 (17:28 UTC)
https://dailyride.nl/products/pedaal-arm-ouxi-v8?variant=46995726565706,,No self-referencing hreflang,26 Mar 2025 (00:03 UTC)
https://dailyride.nl/products/phatfour-flx-geel?variant=55125567013247,,No self-referencing hreflang,26 Mar 2025 (00:03 UTC)
https://dailyride.nl/products/phatfour-flx-geel?variant=55125567078783,,No self-referencing hreflang,26 Mar 2025 (00:03 UTC)
https://dailyride.nl/products/phatfour-flx-groen?variant=55125558002047,,No self-referencing hreflang,26 Mar 2025 (00:03 UTC)
https://dailyride.nl/products/phatfour-flx-groen?variant=55125558067583,,No self-referencing hreflang,26 Mar 2025 (00:03 UTC)
https://dailyride.nl/products/phatfour-flx-zwart?variant=48854248161610,,No self-referencing hreflang,26 Mar 2025 (00:03 UTC)
https://dailyride.nl/products/phatfour-flxs-fatbike-wit?variant=49600389808458,,No self-referencing hreflang,26 Mar 2025 (00:03 UTC)
https://dailyride.nl/products/phatfour-flxs-fatbike-zwart?variant=49600367952202,,No self-referencing hreflang,26 Mar 2025 (00:03 UTC)
https://dailyride.nl/products/qibbel-air-voorzitje-voordrager-montage-grey?variant=47815044661578,,No self-referencing hreflang,12 Mar 2025 (23:23 UTC)
https://dailyride.nl/products/remblokken-v20-logan-remmen-mechanische-remmen-setje?variant=47503133442378,,No self-referencing hreflang,26 Mar 2025 (00:03 UTC)
https://dailyride.nl/products/remblokken-v20?_pos=4&_sid=a625bf5dd&_ss=r,,No self-referencing hreflang,26 Mar 2025 (00:03 UTC)
https://dailyride.nl/products/remblokken-v20?variant=46924325519690,,No self-referencing hreflang,26 Mar 2025 (00:03 UTC)
https://dailyride.nl/products/remhendel-hydraulische-remset-zoom?variant=47879017464138,,No self-referencing hreflang,26 Mar 2025 (00:03 UTC)
https://dailyride.nl/products/remkabel-achter-ouxi-v8?_pos=7&_sid=a625bf5dd&_ss=r,,No self-referencing hreflang,26 Mar 2025 (00:03 UTC)
https://dailyride.nl/products/remkabel-achter-ouxi-v8?variant=46995801309514,,No self-referencing hreflang,26 Mar 2025 (00:03 UTC)
https://dailyride.nl/products/remkabel-hydraulische-remset?variant=47878802604362,,No self-referencing hreflang,26 Mar 2025 (00:03 UTC)
https://dailyride.nl/products/remkabel-voor-ouxi-v8?_pos=8&_sid=a625bf5dd&_ss=r,,No self-referencing hreflang,26 Mar 2025 (00:03 UTC)
https://dailyride.nl/products/remkabel-voor-ouxi-v8?variant=47251178357066,,No self-referencing hreflang,26 Mar 2025 (00:03 UTC)
https://dailyride.nl/products/remschijf-ouxi?_pos=15&_fid=1efd40036&_ss=c,,No self-referencing hreflang,26 Mar 2025 (00:03 UTC)
https://dailyride.nl/products/snellader-met-ventilator-oplader-ouxi-v8-v20?variant=47472507617610,,No self-referencing hreflang,26 Mar 2025 (00:03 UTC)
https://dailyride.nl/products/stepjes-ouxi-v8?variant=46995811631434,,No self-referencing hreflang,26 Mar 2025 (00:03 UTC)
https://dailyride.nl/products/stroomkabel-oplader-fatbike?variant=47459875291466,,No self-referencing hreflang,26 Mar 2025 (00:03 UTC)
https://dailyride.nl/products/tandwiel-crank-fatbike-v8?variant=49494298788170,,No self-referencing hreflang,26 Mar 2025 (00:03 UTC)
https://dailyride.nl/products/tandwiel-ouxi-v8-2?variant=46995745571146,,No self-referencing hreflang,26 Mar 2025 (00:03 UTC)
https://dailyride.nl/products/traparm-crank-fatbike-v8-1-0?variant=55164655403391,,No self-referencing hreflang,26 Mar 2025 (00:03 UTC)
https://dailyride.nl/products/trappers-groen?variant=54950467928447,,No self-referencing hreflang,26 Mar 2025 (00:03 UTC)
https://dailyride.nl/products/trappers-ouxi-v8-v20?variant=47529333784906,,No self-referencing hreflang,26 Mar 2025 (00:03 UTC)
https://dailyride.nl/products/trappers-paars?variant=54950468649343,,No self-referencing hreflang,26 Mar 2025 (00:03 UTC)
https://dailyride.nl/products/trappers-rood?variant=54950469108095,,No self-referencing hreflang,26 Mar 2025 (00:03 UTC)
https://dailyride.nl/products/trapsensor-szjok-ouxi-v8-3-0?variant=49579429462346,,No self-referencing hreflang,26 Mar 2025 (00:03 UTC)
https://dailyride.nl/products/trapsensor-szjok-ouxi-v8?variant=47418128466250,,No self-referencing hreflang,26 Mar 2025 (00:03 UTC)
https://dailyride.nl/products/trapsensor-yolin-ouxi-v8?variant=47764810760522,,No self-referencing hreflang,26 Mar 2025 (00:03 UTC)
https://dailyride.nl/products/urbmob-kick-go?variant=47951805972810,,No self-referencing hreflang,26 Mar 2025 (00:03 UTC)
https://dailyride.nl/products/v20-bruin?_pos=5&_psq=v20&_ss=e&_v=1.0,,No self-referencing hreflang,26 Mar 2025 (00:03 UTC)
https://dailyride.nl/products/v20-double-battery-zwart?_pos=1&_psq=v3&_ss=e&_v=1.0,,No self-referencing hreflang,26 Mar 2025 (00:03 UTC)
https://dailyride.nl/products/v20-double-battery-zwart?_pos=1&_psq=v30&_ss=e&_v=1.0,,No self-referencing hreflang,04 Mar 2025 (17:28 UTC)
https://dailyride.nl/products/v20-mini-fatbike-kinderfatbike-hydraulische-remmen-zwart?variant=55153855201663,,No self-referencing hreflang,26 Mar 2025 (00:03 UTC)
https://dailyride.nl/products/v20-mini-fatbike-kinderfatbike-met-hydraulische-remmen-gashendel-blauw-stoer-veilig-en-straatlegaal?variant=55153858118015,,No self-referencing hreflang,26 Mar 2025 (00:03 UTC)
https://dailyride.nl/products/v20-mini-fatbike-kinderfatbike-met-hydraulische-remmen-gashendel-roze-stoer-veilig-en-straatlegaal?variant=55239944798591,,No self-referencing hreflang,26 Mar 2025 (00:03 UTC)
https://dailyride.nl/products/v20/,,No self-referencing hreflang,26 Mar 2025 (00:03 UTC)
https://dailyride.nl/products/v20?_pos=2&_psq=v20 pro&_ss=e&_v=1.0,,No self-referencing hreflang,26 Mar 2025 (00:03 UTC)
https://dailyride.nl/products/v20?_pos=6&_psq=v20&_ss=e&_v=1.0,,No self-referencing hreflang,04 Mar 2025 (17:28 UTC)
https://dailyride.nl/products/v20?_pos=7&_psq=v20 &_ss=e&_v=1.0,,No self-referencing hreflang,04 Mar 2025 (17:28 UTC)
https://dailyride.nl/products/v20?_pos=7&_psq=v20&_ss=e&_v=1.0,,No self-referencing hreflang,26 Mar 2025 (00:03 UTC)
https://dailyride.nl/products/veilig-ouxi-display?variant=46995748979018,,No self-referencing hreflang,26 Mar 2025 (00:03 UTC)
https://dailyride.nl/products/voetsteuntjes-v20?variant=46870504833354,,No self-referencing hreflang,26 Mar 2025 (00:03 UTC)
https://dailyride.nl/products/vogue-basic-3-electrische-fiets-e-bike-groen?variant=55171705536895,,No self-referencing hreflang,26 Mar 2025 (00:03 UTC)
https://dailyride.nl/products/vogue-basic-3-electrische-fiets-e-bike-mat-grijs?variant=55171704160639,,No self-referencing hreflang,26 Mar 2025 (00:03 UTC)
https://dailyride.nl/products/vogue-basic-3-electrische-fiets-e-bike-mat-zwart-bruin?variant=55171702391167,,No self-referencing hreflang,26 Mar 2025 (00:03 UTC)
https://dailyride.nl/products/vogue-basic-3-electrische-fiets-e-bike-silk-blue?variant=55171706618239,,No self-referencing hreflang,26 Mar 2025 (00:03 UTC)
https://dailyride.nl/products/vogue-basic-3?variant=55128324014463,,No self-referencing hreflang,26 Mar 2025 (00:03 UTC)
https://dailyride.nl/products/vogue-basic-7?variant=55128161878399,,No self-referencing hreflang,26 Mar 2025 (00:03 UTC)
https://dailyride.nl/products/vogue-basic-7?variant=55128161911167,,No self-referencing hreflang,26 Mar 2025 (00:03 UTC)
https://dailyride.nl/products/vogue-basic-n7-electrische-fiets-e-bike-groen?variant=55171682795903,,No self-referencing hreflang,26 Mar 2025 (00:03 UTC)
https://dailyride.nl/products/vogue-basic-n7-electrische-fiets-e-bike-groen?variant=55171682861439,,No self-referencing hreflang,26 Mar 2025 (00:03 UTC)
https://dailyride.nl/products/vogue-basic-n7-electrische-fiets-e-bike-mat-grijs?variant=55171680502143,,No self-referencing hreflang,26 Mar 2025 (00:03 UTC)
https://dailyride.nl/products/vogue-basic-n7-electrische-fiets-e-bike-mat-grijs?variant=55171680567679,,No self-referencing hreflang,26 Mar 2025 (00:03 UTC)
https://dailyride.nl/products/vogue-basic-n7-electrische-fiets-e-bike-mat-zwart-bruin?variant=55171665363327,,No self-referencing hreflang,26 Mar 2025 (00:03 UTC)
https://dailyride.nl/products/vogue-basic-n7-electrische-fiets-e-bike-mat-zwart-bruin?variant=55171665428863,,No self-referencing hreflang,26 Mar 2025 (00:03 UTC)
https://dailyride.nl/products/vogue-basic-n7-electrische-fiets-e-bike-silk-blue?variant=55171683549567,,No self-referencing hreflang,26 Mar 2025 (00:03 UTC)
https://dailyride.nl/products/vogue-basic-n7-electrische-fiets-e-bike-silk-blue?variant=55171683615103,,No self-referencing hreflang,26 Mar 2025 (00:03 UTC)
https://dailyride.nl/products/vogue-comfort-electrische-fiets-e-bike-mat-grijs?variant=55172235297151,,No self-referencing hreflang,26 Mar 2025 (00:03 UTC)
https://dailyride.nl/products/vogue-comfort-electrische-fiets-e-bike-silk-blue?variant=55172231922047,,No self-referencing hreflang,26 Mar 2025 (00:03 UTC)
https://dailyride.nl/products/vogue-comfort?variant=55128520950143,,No self-referencing hreflang,26 Mar 2025 (00:03 UTC)
https://dailyride.nl/products/vogue-elite-3-electrische-fiets-e-bike-jeans-blue?variant=55172192338303,,No self-referencing hreflang,26 Mar 2025 (00:03 UTC)
https://dailyride.nl/products/vogue-elite-3-electrische-fiets-e-bike-mat-zwart-bruin?variant=55172184801663,,No self-referencing hreflang,26 Mar 2025 (00:03 UTC)
https://dailyride.nl/products/vogue-elite-3-electrische-fiets-e-bike-mint-blue?variant=55172194304383,,No self-referencing hreflang,26 Mar 2025 (00:03 UTC)
https://dailyride.nl/products/vogue-elite-3?variant=55128492179839,,No self-referencing hreflang,26 Mar 2025 (00:03 UTC)
https://dailyride.nl/products/vogue-elite-7-electrische-fiets-e-bike-middenmotor-jeans-blue?variant=55172162945407,,No self-referencing hreflang,12 Mar 2025 (23:23 UTC)
https://dailyride.nl/products/vogue-elite-7?variant=55126859088255,,No self-referencing hreflang,12 Mar 2025 (23:23 UTC)
https://dailyride.nl/products/vogue-excellent-8sp-electrische-fiets-e-bike-bafang-middenmotor-mat-zwart-blauw?variant=55171801186687,,No self-referencing hreflang,26 Mar 2025 (00:03 UTC)
https://dailyride.nl/products/vogue-excellent?variant=55126752756095,,No self-referencing hreflang,26 Mar 2025 (00:03 UTC)
https://dailyride.nl/products/vogue-infinity-electrische-fiets-e-bike-middenmotor-mat-grijs?variant=55172253516159,,No self-referencing hreflang,26 Mar 2025 (00:03 UTC)
https://dailyride.nl/products/vogue-infinity-electrische-fiets-e-bike-middenmotor-mat-zwart?variant=55126899655039,,No self-referencing hreflang,26 Mar 2025 (00:03 UTC)
https://dailyride.nl/products/vogue-infinity-electrische-fiets-e-bike-middenmotor-silk-blue?variant=55172254892415,,No self-referencing hreflang,26 Mar 2025 (00:03 UTC)
https://dailyride.nl/products/vogue-mestengo-n7-electrische-fiets-e-bike-dark-blue?variant=55155972866431,,No self-referencing hreflang,26 Mar 2025 (00:03 UTC)
https://dailyride.nl/products/vogue-mestengo-n7-electrische-fiets-e-bike-grijs?variant=55155945701759,,No self-referencing hreflang,26 Mar 2025 (00:03 UTC)
https://dailyride.nl/products/vogue-mestengo-n7-electrische-fiets-e-bike-mat-zwart?_pos=1&_psq=n7&_ss=e&_v=1.0,,No self-referencing hreflang,26 Mar 2025 (00:03 UTC)
https://dailyride.nl/products/vogue-mestengo-n7-electrische-fiets-e-bike-mat-zwart?variant=55161096995199,,No self-referencing hreflang,26 Mar 2025 (00:03 UTC)
https://dailyride.nl/products/vogue-mestengo-n7-electrische-fiets-e-bike-shine-black?variant=55155633815935,,No self-referencing hreflang,26 Mar 2025 (00:03 UTC)
https://dailyride.nl/products/vogue-mestengo-z5-middenmotor-electrische-fiets-e-bike-dark-blue?variant=55156004389247,,No self-referencing hreflang,26 Mar 2025 (00:03 UTC)
https://dailyride.nl/products/vogue-mestengo-z5-middenmotor-electrische-fiets-e-bike-grijs?variant=55155935412607,,No self-referencing hreflang,26 Mar 2025 (00:03 UTC)
https://dailyride.nl/products/vogue-mestengo-z5-middenmotor-electrische-fiets-e-bike-mat-zwart?variant=55156100759935,,No self-referencing hreflang,26 Mar 2025 (00:03 UTC)
https://dailyride.nl/products/vogue-mestengo-z5-middenmotor-electrische-fiets-e-bike-shine-black?variant=55126743810431,,No self-referencing hreflang,26 Mar 2025 (00:03 UTC)
https://dailyride.nl/products/vogue-mini-blauw?variant=47570627658058,,No self-referencing hreflang,26 Mar 2025 (00:03 UTC)
https://dailyride.nl/products/vogue-mini-wit?variant=55148501303679,,No self-referencing hreflang,26 Mar 2025 (00:03 UTC)
https://dailyride.nl/products/vogue-mini?variant=47886463140170,,No self-referencing hreflang,26 Mar 2025 (00:03 UTC)
https://dailyride.nl/products/vogue-slx-m200-electrische-fiets-e-bike-mat-zwart-blauw?variant=55176253735295,,No self-referencing hreflang,26 Mar 2025 (00:03 UTC)
https://dailyride.nl/products/vogue-slx-m200-electrische-fiets-e-bike-mat-zwart-grijs?variant=55176248557951,,No self-referencing hreflang,26 Mar 2025 (00:03 UTC)
https://dailyride.nl/products/vogue-slx-m420-electrische-fiets-e-bike-mat-zwart-blauw?variant=55128442995071,,No self-referencing hreflang,26 Mar 2025 (00:03 UTC)
https://dailyride.nl/products/vogue-slx-m420-electrische-fiets-e-bike-mat-zwart-grijs?variant=55172285759871,,No self-referencing hreflang,26 Mar 2025 (00:03 UTC)
https://dailyride.nl/products/vogue-zenda-electrische-fiets-e-bike-bafang-middenmotor-m200-silk-blue?variant=55181991838079,,No self-referencing hreflang,26 Mar 2025 (00:03 UTC)
https://dailyride.nl/products/vogue-zenda-met-bafang-m200-middenmotor?variant=55126785163647,,No self-referencing hreflang,26 Mar 2025 (00:03 UTC)
https://dailyride.nl/products/voorvork-ouxi-v8?variant=46995729154378,,No self-referencing hreflang,26 Mar 2025 (00:03 UTC)
https://dailyride.nl/products/voorvorkplaat-geschikt-voor-voorrek-ouxi-v8-h9-qmwheel-v20-v30?variant=49494246916426,,No self-referencing hreflang,26 Mar 2025 (00:03 UTC)
https://dailyride.nl/products/windgoo-b20-pro/,,No self-referencing hreflang,04 Mar 2025 (17:28 UTC)
https://dailyride.nl/products/windgoo-b20-pro?_pos=7&_psq=windgoo&_ss=e&_v=1.0,,No self-referencing hreflang,26 Mar 2025 (00:03 UTC)
https://dailyride.nl/products/windgoo-b20/,,No self-referencing hreflang,26 Mar 2025 (00:03 UTC)
https://dailyride.nl/products/windscherm-qibbel?variant=47972398367050,,No self-referencing hreflang,12 Mar 2025 (23:23 UTC)
https://dailyride.nl/products/zoom-complete-hydraulische-remhendel-links?variant=49590932406602,,No self-referencing hreflang,26 Mar 2025 (00:03 UTC)
https://dailyride.nl/products/zoom-complete-hydraulische-remhendel-rechts?variant=55151474508159,,No self-referencing hreflang,26 Mar 2025 (00:03 UTC)
